Creature Corner, https://youtube.com/playlist?list=PLz8YL4HVC87UKC3XkXFvdtBUSWEY3yUQf&si=jBRc0S240tx8E49Y
Crosshair, https://youtube.com/playlist?list=PLz8YL4HVC87VcaUDbDWdEbWFEq5VsV6d1&si=bPlmWBGWF7daDQBu
Do All the Things, https://www.youtube.com/playlist?list=PLz8YL4HVC87WNnWalkZ1_Y0Akj7XWW4Vw
Express Lane, https://www.youtube.com/playlist?list=PLz8YL4HVC87V34Lpnb_pZfAeWD7x621Bd
Fast Travel, https://www.youtube.com/watch?v=SrWGCa3ySjs
Game Masters, https://www.youtube.com/playlist?list=PLz8YL4HVC87XLYlt1uzi27QHHmayv3oGS
Hidden Heroes, https://youtube.com/playlist?list=PLz8YL4HVC87WjPar_Eq90pvlG2DTPhSYX&si=TNH8UfeZz1oqTbzl
Make Your Own Victory, https://youtube.com/playlist?list=PLz8YL4HVC87XcumtO80kwUxENXbyqZef0&si=9TDZsWN0PshWRblS
Out of the Box, https://youtube.com/playlist?list=PLz8YL4HVC87WaX9WEEyn66SFc92Z9UdUi&si=JolFPAxGQ4zMdknD
Parallel Universe, https://www.youtube.com/playlist?list=PLz8YL4HVC87V6qlkU5tHzXQRSw0vPmTau
Passion Project, https://www.youtube.com/playlist?list=PLz8YL4HVC87UBkPm9UtoEkAr8pJPgkXMD
Perilous Paths, https://www.youtube.com/playlist?list=PLz8YL4HVC87UHCbLaUJrsFSHHKlQQ6l5o
Random Number Generation, https://www.youtube.com/playlist?list=PLz8YL4HVC87WvvILEYCszbneK4sp1eU8K
Speedruns From the Crypt, https://www.youtube.com/playlist?list=PLz8YL4HVC87X6rZMXsh-EW663t7zTnxNG
The Scenic Route, https://www.youtube.com/watch?v=AWPTBpfYD0Q
Think Fast!, https://www.youtube.com/playlist?list=PLz8YL4HVC87X9I54nPFBYLnJs4nKVs4zI
DND, https://awnnetwork.org/
